Point;11.954316,57.6436928;"Biltema Göteborg"
Point;14.181567407642,57.763393344539;"Biltema Jönköping"
Point;16.466236,59.6103862;"Biltema Västerås"
Point;12.993949,55.5498605;"Biltema Malmö"
Point;18.385638,59.312434;"Biltema Stockholm"
Point;22.0549586,65.6186247;"Biltema Luleå"
Point;15.4153409,60.479513;"Biltema Borlänge"
Point;24.637994312427,60.157104169895;"Biltema Finland"
Point;10.4927269,59.9086231;"Biltema Rud"
Point;12.3772249,55.6634969;"Biltema Danmark"
